{
  "cities": null,
  "dijkstra": {
    "features": [
      {
        "geometry": {
          "coordinates": [],
          "type": "LineString"
        },
        "type": "Feature"
      }
    ],
    "properties": {
      "color": "#FF0000",
      "name": "Shortest Path (Dijkstra)"
    },
    "type": "FeatureCollection"
  },
  "dijkstra_distance": 0,
  "travel_plan": {
    "features": [
      {
        "geometry": {
          "coordinates": [],
          "type": "LineString"
        },
        "type": "Feature"
      }
    ],
    "properties": {
      "color": "#0000FF",
      "name": "Optimized Travel Plan"
    },
    "type": "FeatureCollection"
  },
  "travel_plan_distance": 0
}